,City,Country,Date,Lat,Lng,Max Temp,Clouds,Humidity,Wind Speed
0,Norman Wells,CA,1620875887,65.282,-126.8329,40.28,90,81,2.3
1,Muroto-misakicho,JP,1620875944,33.2833,134.15,71.56,100,84,10.85
2,Saskylakh,RU,1620875845,71.9167,114.0833,32.95,100,91,6.85
3,New Norfolk,AU,1620875861,-42.7826,147.0587,61.45,100,79,5.01
4,Cape Town,ZA,1620875575,-33.9258,18.4232,54.86,20,84,2.77
5,Celestún,MX,1620876075,20.8667,-90.4,84.88,86,69,14.88
6,Avarua,CK,1620875870,-21.2078,-159.775,78.69,75,78,14.97
7,Dingle,PH,1620875859,10.9995,122.6711,90.25,84,54,13.69
8,Atuona,PF,1620875855,-9.8,-139.0333,80.44,20,80,19.75
9,Mt. Pleasant,US,1620876021,32.7941,-79.8626,51.78,90,93,5.01
10,Arraial do Cabo,BR,1620875892,-22.9661,-42.0278,71.22,100,86,16.24
11,Roebourne,AU,1620876219,-20.7833,117.1333,87.08,0,29,14.25
12,Lebu,CL,1620875852,-37.6167,-73.65,53.56,100,86,10.47
13,Souillac,MU,1620875973,-20.5167,57.5167,75.83,40,82,13.06
14,Saint Paul Harbor,US,1620875861,57.79,-152.4072,43.88,90,70,11.5
15,Upernavik,GL,1620875841,72.7868,-56.1549,27.23,100,93,6.98
16,Qaanaaq,GL,1620875846,77.484,-69.3632,22.96,100,84,10.22
17,Kloulklubed,PW,1620876221,7.0419,134.2556,85.95,93,78,12.48
18,Vaini,TO,1620875843,-21.2,-175.2,76.77,40,78,10.36
19,Punta Arenas,CL,1620875582,-53.15,-70.9167,38.88,40,87,13.56
20,Arrondissement du Havre,FR,1620876221,49.5833,0.3333,46.92,90,91,12.39
21,Hermanus,ZA,1620875864,-34.4187,19.2345,54.66,5,85,4.79
22,Kushiro,JP,1620875938,42.975,144.3747,46.31,75,97,5.95
23,Ancud,CL,1620875894,-41.8697,-73.8203,50.43,100,91,3.78
24,Vila Franca do Campo,PT,1620876222,37.7167,-25.4333,62.29,70,87,4.85
25,Tereze,RU,1620876222,43.9361,42.4434,32.4,0,52,5.1
26,Hinjilikatu,IN,1620876223,19.4833,84.75,92.26,38,54,5.82
27,Ostrovnoy,RU,1620876223,68.0531,39.5131,45.77,77,81,6.51
28,Lázaro Cárdenas,MX,1620876192,17.9583,-102.2,80.6,96,78,3.22
29,Albany,US,1620875844,42.6001,-73.9662,47.62,66,77,5.19
30,Hong Kong,HK,1620875868,22.2855,114.1577,90.97,32,81,1.99
31,Busselton,AU,1620875867,-33.65,115.3333,59.95,99,56,16.49
32,East London,ZA,1620875859,-33.0153,27.9116,49.44,0,93,1.14
33,Chokurdakh,RU,1620875601,70.6333,147.9167,21.88,16,86,3.33
34,Mataura,NZ,1620875862,-46.1927,168.8643,53.38,4,52,1.66
35,Hilo,US,1620875790,19.7297,-155.09,80.22,90,70,6.91
36,Guerrero Negro,MX,1620875630,27.9769,-114.0611,60.91,0,81,13.4
37,Goderich,CA,1620876224,43.7501,-81.7165,37.85,1,87,0.0
38,Orlik,RU,1620875942,52.5178,99.825,40.75,80,41,6.11
39,Yar-Sale,RU,1620876224,66.8333,70.8333,33.48,100,84,28.95
40,Bjørnevatn,NO,1620876224,69.6672,29.9847,42.13,90,87,4.61
41,Rikitea,PF,1620875850,-23.1203,-134.9692,77.32,19,78,17.22
42,Geraldton,AU,1620875895,-28.7667,114.6,77.0,92,51,17.78
43,Bodden Town,KY,1620875948,19.2833,-81.25,82.33,20,77,9.04
44,Lavrentiya,RU,1620876225,65.5833,-171.0,33.58,100,97,1.45
45,Port Keats,AU,1620876225,-14.25,129.55,88.92,0,26,9.78
46,Araxá,BR,1620876225,-19.5933,-46.9406,52.81,0,63,2.3
47,Sur,OM,1620875956,22.5667,59.5289,89.17,39,45,4.94
48,Vestmanna,FO,1620876226,62.1564,-7.1664,37.13,75,77,16.6
49,Saint George,US,1620875706,37.1041,-113.5841,72.81,1,13,1.99
50,Grand-Lahou,CI,1620876226,5.1367,-5.0242,79.25,9,76,5.93
51,Kapaa,US,1620875842,22.0752,-159.319,82.35,75,70,5.99
52,Kaitangata,NZ,1620875882,-46.2817,169.8464,51.93,8,52,2.62
53,Dwārka,IN,1620876226,22.2394,68.9678,84.61,21,71,18.63
54,Olafsvik,IS,1620875959,64.8945,-23.7142,38.98,100,60,3.09
55,Kidal,ML,1620876227,18.4411,1.4078,91.18,67,10,9.71
56,Kencong,ID,1620876227,-8.2833,113.3667,84.76,94,62,5.19
57,San Vicente,AR,1620876227,-26.6167,-54.1333,43.54,0,81,3.13
58,Takoradze,GH,1620875957,4.8845,-1.7554,78.44,86,78,5.73
59,Sitka,US,1620875857,57.0531,-135.33,46.29,75,76,4.61
60,Novocheremshansk,RU,1620876228,54.3571,50.1666,62.49,16,59,8.9
61,Isla Vista,US,1620876228,34.4133,-119.861,60.85,90,73,8.05
62,Ushuaia,AR,1620875813,-54.8,-68.3,45.82,0,57,13.8
63,Isangel,VU,1620876229,-19.55,169.2667,79.84,100,68,11.56
64,Bluff,NZ,1620875854,-46.6,168.3333,53.71,2,55,3.2
65,Sørland,NO,1620875909,67.667,12.6934,40.24,100,90,30.29
66,Tuktoyaktuk,CA,1620875896,69.4541,-133.0374,14.0,75,79,14.97
67,Pingliang,CN,1620876230,35.5392,106.6861,72.52,2,57,11.72
68,Inhambane,MZ,1620876082,-23.865,35.3833,60.69,0,94,0.0
69,Yeppoon,AU,1620876230,-23.1333,150.7333,85.68,6,69,5.61
70,Saint-Philippe,RE,1620875868,-21.3585,55.7679,74.57,43,82,10.94
71,Aksu,CN,1620876231,41.1231,80.2644,63.23,100,34,6.26
72,Cabo San Lucas,MX,1620875765,22.8909,-109.9124,83.82,38,62,9.26
73,Itakyry,PY,1620876231,-24.9333,-55.2167,50.9,0,60,4.03
74,Kropotkin,RU,1620876232,45.4375,40.5756,45.09,0,88,4.61
75,Hirara,JP,1620875934,24.8,125.2833,85.75,40,79,19.57
76,Pevek,RU,1620875646,69.7008,170.3133,29.73,98,87,3.49
77,Simontornya,HU,1620876232,46.7546,18.5549,53.87,100,86,7.14
78,Bethel,US,1620875852,41.3712,-73.414,53.89,1,72,5.75
79,Hobart,AU,1620875704,-42.8794,147.3294,61.79,75,62,4.0
80,Ribeira Grande,PT,1620875851,38.5167,-28.7,62.58,19,89,9.37
81,Batesville,US,1620876233,35.7698,-91.641,56.01,1,52,5.75
82,Esperance,AU,1620875854,-33.8667,121.9,59.47,100,66,9.44
83,Touros,BR,1620875897,-5.1989,-35.4608,75.09,100,95,7.61
84,Bredasdorp,ZA,1620875851,-34.5322,20.0403,54.52,9,91,4.14
85,Porto-Novo,BJ,1620876233,6.4965,2.6036,82.18,50,85,5.61
86,Clyde River,CA,1620875856,70.4692,-68.5914,27.37,100,93,1.59
87,Namie,JP,1620876234,37.4833,141.0,70.83,63,72,18.07
88,Eirunepé,BR,1620875880,-6.6603,-69.8736,73.04,99,98,1.74
89,Helong,CN,1620876234,42.5397,128.9972,68.85,100,30,8.84
90,Road Town,VG,1620876234,18.4167,-64.6167,80.6,100,75,19.48
91,Tagusao,PH,1620876234,9.1924,117.8141,87.93,52,66,6.85
92,Pisco,PE,1620875919,-13.7,-76.2167,64.9,0,88,11.5
93,Kindersley,CA,1620876235,51.4668,-109.1682,49.15,40,35,9.22
94,Sept-Îles,CA,1620876235,50.2001,-66.3821,42.01,75,73,1.01
95,Yellowknife,CA,1620875883,62.456,-114.3525,49.93,75,50,8.05
96,Port Hawkesbury,CA,1620875582,45.6169,-61.3485,38.59,60,89,4.0
97,Castro,BR,1620875848,-24.7911,-50.0119,53.17,100,98,6.53
98,Airai,TL,1620875934,-8.9266,125.4092,71.85,40,60,5.35
99,Cherskiy,RU,1620875861,68.75,161.3,25.81,97,82,4.12
100,Puerto Ayora,EC,1620875866,-0.7393,-90.3518,75.34,15,93,4.0
101,Asău,RO,1620876236,46.4333,26.4,46.24,93,65,4.09
102,Kruisfontein,ZA,1620875842,-34.0033,24.7314,51.53,3,83,3.6
103,Ust'-Omchug,RU,1620876236,61.15,149.6333,42.03,99,66,10.0
104,Mahébourg,MU,1620875913,-20.4081,57.7,75.72,40,83,11.5
105,Catalina,US,1620876237,32.5056,-110.9211,76.82,0,11,7.2
106,Haukipudas,FI,1620876237,65.1765,25.3523,51.71,71,88,6.6
107,Aswān,EG,1620876237,24.0934,32.907,76.28,0,18,7.56
108,São Filipe,CV,1620875880,14.8961,-24.4956,76.01,2,67,8.55
109,Takaka,NZ,1620876238,-40.85,172.8,53.87,3,55,4.79
110,Agüimes,ES,1620876238,27.9054,-15.4461,62.92,20,68,21.85
111,Jamestown,US,1620875851,42.097,-79.2353,41.77,1,62,1.01
112,Longyearbyen,SJ,1620875712,78.2186,15.6401,9.68,7,84,0.94
113,Pilibanga,IN,1620876239,29.4916,74.079,90.28,5,36,13.38
114,Conde,BR,1620876239,-7.2597,-34.9075,73.92,75,93,7.45
115,Tiksi,RU,1620875842,71.6872,128.8694,27.57,99,74,4.85
116,Alofi,NU,1620875885,-19.0595,-169.9187,78.01,75,89,11.5
117,San Patricio,US,1620875941,28.017,-97.5169,76.82,79,80,10.71
118,Mtimbira,TZ,1620876240,-8.7833,36.35,63.52,99,88,1.83
119,Provideniya,RU,1620875868,64.3833,-173.3,35.55,90,87,13.42
120,Port Elizabeth,ZA,1620875924,-33.918,25.5701,45.99,0,93,2.3
121,Hithadhoo,MV,1620875865,-0.6,73.0833,79.66,100,87,16.78
122,Khatanga,RU,1620875736,71.9667,102.5,31.53,100,98,11.56
123,Sakaiminato,JP,1620875990,35.55,133.2333,76.95,75,53,11.5
124,Rewa,IN,1620876241,24.5333,81.3,81.57,93,53,7.43
125,Assiut,EG,1620875951,27.181,31.1837,71.98,0,23,4.43
126,Nosy Varika,MG,1620876083,-20.5833,48.5333,68.25,24,91,5.61
127,Torbay,CA,1620875846,47.6666,-52.7314,40.15,90,86,14.97
128,Palu,ID,1620876241,-0.8917,119.8707,91.54,72,57,1.92
129,Port Macquarie,AU,1620875671,-31.4333,152.9167,72.88,0,64,8.9
130,Tasiilaq,GL,1620875847,65.6145,-37.6368,24.35,55,92,3.89
131,Gamba,GA,1620876242,-2.65,10.0,78.4,100,90,3.67
132,Grindavik,IS,1620875897,63.8424,-22.4338,39.09,75,69,5.26
133,Yulara,AU,1620876130,-25.2406,130.9889,67.46,0,33,9.22
134,Roald,NO,1620875988,62.5833,6.1333,46.99,90,93,17.27
135,Mēga,ET,1620876242,4.05,38.3,58.24,100,88,8.01
136,Ampanihy,MG,1620876242,-24.7,44.75,63.03,32,99,5.03
137,Keïta,NE,1620876243,14.7551,5.7749,86.7,0,12,6.08
138,Klaksvík,FO,1620876243,62.2266,-6.589,38.91,100,77,20.83
139,South Kazakhstan Region,KZ,1620876243,43.0,68.0,68.95,0,21,30.4
140,Roxana,CR,1620876243,10.2753,-83.7513,72.19,100,97,2.66
141,Itaocara,BR,1620876244,-21.6692,-42.0761,65.19,59,87,1.9
142,São Lourenço do Oeste,BR,1620876244,-26.3592,-52.8511,46.51,0,95,3.98
143,George Town,MY,1620875848,5.4112,100.3354,89.49,20,76,3.44
144,Adrian,US,1620876244,41.8975,-84.0372,49.01,1,62,1.01
145,Severo-Kuril'sk,RU,1620875871,50.6789,156.125,38.05,21,75,15.84
146,Constantine,DZ,1620876245,36.365,6.6147,43.05,0,87,1.14
147,São João do Piauí,BR,1620876245,-8.3581,-42.2467,80.22,100,55,7.38
148,Lebanon,US,1620876245,36.2081,-86.2911,53.47,40,54,3.44
149,Kudahuvadhoo,MV,1620876073,2.6708,72.8944,81.41,100,81,18.28
150,Butaritari,KI,1620875863,3.0707,172.7902,82.81,24,77,14.43
151,Fortuna,US,1620875913,40.5982,-124.1573,51.66,90,63,1.01
152,Bathsheba,BB,1620875932,13.2167,-59.5167,78.8,75,76,16.98
153,Lagunas,PE,1620876246,-5.2269,-75.6753,72.21,26,98,1.57
154,Volodarskiy,RU,1620876246,46.4013,48.5409,57.45,0,63,2.66
155,Itarema,BR,1620876246,-2.9248,-39.9167,77.54,77,87,4.59
156,Honiara,SB,1620875804,-9.4333,159.95,85.87,9,66,6.08
157,Obihiro,JP,1620875968,42.9172,143.2044,44.08,100,75,4.59
158,Khanbari,NP,1620876247,27.3747,87.2039,64.29,100,89,2.19
159,West Bay,KY,1620876247,19.3667,-81.4167,82.4,20,76,9.17
160,Illapel,CL,1620876248,-31.6308,-71.1653,62.19,79,55,0.18
161,Namtsy,RU,1620875880,62.7161,129.6658,54.46,90,42,6.17
162,Bengkulu,ID,1620875859,-3.8004,102.2655,84.18,63,69,2.51
163,Lixouri,GR,1620876249,38.2019,20.4314,60.82,4,80,2.28
164,Ahipara,NZ,1620875890,-35.1667,173.1667,64.17,17,59,5.08
165,Lorengau,PG,1620875915,-2.0226,147.2712,82.13,93,80,3.78
166,Naryan-Mar,RU,1620876249,67.6713,53.087,38.34,100,73,8.03
167,Zhigansk,RU,1620875931,66.7697,123.3711,37.74,6,50,4.81
168,Silifke,TR,1620876250,36.3778,33.9344,66.87,8,61,2.62
169,Oddur,SO,1620876250,4.1213,43.8894,71.01,92,75,14.32
170,Denpasar,ID,1620876160,-8.65,115.2167,85.62,20,65,13.24
171,Swellendam,ZA,1620876250,-34.0226,20.4417,53.78,4,89,2.8
172,Luanda,AO,1620875926,-8.8368,13.2343,76.12,75,94,2.3
173,Kumluca,TR,1620876251,36.3703,30.2869,66.36,61,71,2.68
174,Mar del Plata,AR,1620875871,-38.0023,-57.5575,57.83,0,82,1.99
175,Riyadh,SA,1620876082,24.6877,46.7219,82.47,75,12,13.8
176,Bilma,NE,1620875860,18.6853,12.9164,89.37,5,10,7.7
177,Payakumbuh,ID,1620876251,-0.2202,100.6308,84.15,87,65,2.82
178,Malanville,BJ,1620876251,11.8685,3.3899,84.9,88,53,11.97
179,Manado,ID,1620876252,1.487,124.8455,91.18,20,67,3.04
180,Gajendragarh,IN,1620876252,15.7333,75.9833,81.43,100,66,8.79
181,Arrondissement de Vannes,FR,1620876252,47.8333,-2.5,52.05,77,89,12.15
182,Oriximiná,BR,1620876252,-1.7656,-55.8661,74.79,100,94,3.91
183,Barrow,US,1620875773,71.2906,-156.7887,17.58,90,79,16.11
184,Hambantota,LK,1620875894,6.1241,81.1185,83.7,100,76,13.2
185,Leningradskiy,RU,1620875873,69.3833,178.4167,33.21,100,96,2.82
186,Galeana,MX,1620876253,24.8333,-100.0667,40.39,95,96,4.88
187,High Level,CA,1620875741,58.5169,-117.136,51.58,75,90,3.4
188,Cockburn Town,TC,1620876253,21.4612,-71.1419,78.93,1,80,22.12
189,Eyl,SO,1620876254,7.9803,49.8164,80.28,99,75,16.98
190,St. George's,GD,1620875878,12.0564,-61.7485,78.58,41,74,16.37
191,Tilichiki,RU,1620875922,60.4667,166.1,31.26,60,94,6.8
192,Pec,XK,1620876254,42.6591,20.2883,40.37,61,67,4.68
193,Bongandanga,CD,1620876254,1.5,21.05,68.59,100,99,0.94
194,Sovetskiy,RU,1620876254,61.3614,63.5842,63.66,29,61,11.52
195,Namatanai,PG,1620875910,-3.6667,152.4333,85.03,5,67,8.5
196,Benghazi,LY,1620876255,32.1167,20.0667,66.07,0,78,10.69
197,Azle,US,1620876255,32.8951,-97.5459,59.49,90,87,6.53
198,Tupik,RU,1620875872,54.4253,119.9327,40.51,100,79,4.38
199,Barcelos,PT,1620876028,41.5388,-8.6151,58.51,99,93,6.35
200,Vanavara,RU,1620876255,60.34,102.2797,46.72,7,36,4.52
201,Tevriz,RU,1620876256,57.509,72.4042,46.08,100,77,3.62
202,Praia,CV,1620876256,14.9215,-23.5087,71.35,0,78,13.8
203,Manakara,MG,1620876257,-22.1333,48.0167,66.6,15,94,4.05
204,Punto Fijo,VE,1620876257,11.6956,-70.1996,78.8,70,83,27.22
205,Port-Cartier,CA,1620876258,50.0334,-66.8654,41.68,78,75,6.35
206,Muisne,EC,1620876258,0.6,-80.0333,75.29,69,84,4.05
207,Aklavik,CA,1620875921,68.2191,-135.0107,24.73,100,74,8.77
208,Faya,SA,1620875933,18.3851,42.4509,40.51,12,45,2.98
209,Nanortalik,GL,1620875795,60.1432,-45.2371,40.03,5,70,6.98
210,Thompson,CA,1620875876,55.7435,-97.8558,38.62,75,65,6.91
211,Marystown,CA,1620876259,47.1666,-55.1483,38.73,74,86,13.94
212,Nishihara,JP,1620876259,26.1842,127.7558,85.23,40,80,11.88
213,Karratha,AU,1620875858,-20.7377,116.8463,87.78,0,29,14.23
214,Adrar,MR,1620875980,20.5022,-10.0711,78.64,1,15,10.54
215,Aleksandrov Gay,RU,1620875890,50.147,48.5704,62.89,100,77,12.8
216,Te Anau,NZ,1620875909,-45.4167,167.7167,52.25,0,63,2.51
217,Faanui,PF,1620875886,-16.4833,-151.75,82.36,100,78,16.93
218,Solnechnyy,RU,1620876260,50.7214,136.6319,46.18,100,95,6.6
219,Bambous Virieux,MU,1620875607,-20.3428,57.7575,75.69,19,78,14.7
220,Campo Grande,BR,1620876017,-20.4428,-54.6464,57.45,75,88,6.91
221,Antofagasta,CL,1620876140,-23.65,-70.4,60.51,88,80,4.0
222,Ierapetra,GR,1620876260,35.01,25.7353,61.99,0,59,5.86
223,Mungwi,ZM,1620876260,-10.1732,31.3694,51.31,8,96,3.09
224,Mnogovershinnyy,RU,1620876261,53.9353,139.9242,57.56,0,39,4.68
225,Iluppūr,IN,1620876261,10.5135,78.6236,86.14,100,67,3.8
226,Maydolong,PH,1620876261,11.4992,125.5011,84.24,33,76,10.94
227,Carnarvon,AU,1620875815,-24.8667,113.6333,86.0,0,39,11.5
228,Saldanha,ZA,1620875930,-33.0117,17.9442,47.86,0,88,3.91
229,Nikolskoye,RU,1620875920,59.7035,30.7861,57.61,8,79,5.91
230,Panzhihua,CN,1620875988,26.5851,101.7128,82.58,17,36,1.99
231,Bourail,NC,1620876262,-21.5667,165.4833,80.1,100,65,7.49
232,Manggar,ID,1620876262,-2.8833,108.2667,80.24,100,87,9.13
233,Potsdam,DE,1620876203,52.3989,13.0657,53.62,100,95,4.0
234,Constitución,CL,1620875930,-35.3333,-72.4167,55.08,95,55,4.5
235,Port Alfred,ZA,1620875836,-33.5906,26.891,59.22,0,76,6.67
236,Mawlaik,MM,1620876262,23.6333,94.4167,88.39,57,51,1.1
237,Khovd,MN,1620875889,48.0056,91.6419,49.19,69,34,10.02
238,Kavieng,PG,1620875902,-2.5744,150.7967,84.78,9,69,6.46
239,Ginda,IN,1620876263,30.6945,78.4932,63.34,100,63,1.32
240,Kushālgarh,IN,1620876263,23.199,74.4507,86.81,0,37,12.93
241,Trofors,NO,1620876263,65.5333,13.4063,43.95,100,98,3.2
242,Jackson,US,1620876264,42.4165,-122.8345,74.03,1,21,9.22
243,Nevel',RU,1620876264,56.0209,29.9284,49.06,99,92,11.9
244,Daru,PG,1620876264,-9.0763,143.2092,83.93,93,75,10.38
245,Pathein,MM,1620875966,16.7833,94.7333,92.48,38,50,7.83
246,Kolpashevo,RU,1620876264,58.3131,82.9089,54.1,100,66,8.99
247,Jimma,ET,1620876265,7.6667,36.8333,58.19,99,96,1.23
248,Srednekolymsk,RU,1620876265,67.45,153.6833,30.56,92,86,7.9
249,Makakilo City,US,1620875762,21.3469,-158.0858,80.91,20,51,14.97
250,Talakan,RU,1620876266,50.3167,130.3667,52.12,100,84,11.01
251,Meulaboh,ID,1620875918,4.1363,96.1285,84.45,55,74,1.5
252,Durango,MX,1620876153,24.8333,-104.8333,70.84,91,40,8.63
253,Tomé,CL,1620876267,-36.6167,-72.95,46.87,99,60,2.55
254,Manta,EC,1620876267,-0.95,-80.7333,74.8,20,78,5.75
255,Laguna,US,1620875797,38.421,-121.4238,85.91,1,38,4.0
256,Callaway,US,1620876267,30.153,-85.5699,75.11,75,74,3.0
257,Sombrio,BR,1620876268,-29.1139,-49.6167,52.63,2,85,5.01
258,Suntar,RU,1620876268,62.1444,117.6319,48.9,0,33,5.84
259,Puerto Escondido,MX,1620875866,15.85,-97.0667,83.48,57,79,4.07
260,Dikson,RU,1620875640,73.5069,80.5464,29.26,83,85,13.09
261,Salalah,OM,1620875898,17.0151,54.0924,82.24,40,83,3.44
262,Tura,IN,1620875706,25.5198,90.2201,81.01,2,58,2.44
263,Tommot,RU,1620876269,58.9564,126.2925,41.27,100,98,1.81
264,Nemuro,JP,1620875712,43.3236,145.575,46.11,100,93,18.23
265,Mehamn,NO,1620876269,71.0357,27.8492,39.96,93,95,8.72
266,Tarakan,ID,1620876269,3.3,117.6333,85.44,40,79,5.75
267,Lompoc,US,1620875734,34.6391,-120.4579,59.65,90,88,3.44
268,Huarmey,PE,1620875963,-10.0681,-78.1522,66.76,7,84,5.91
269,Anadyr,RU,1620875943,64.75,177.4833,33.8,75,98,21.99
270,Ust-Maya,RU,1620876270,60.4167,134.5333,49.91,100,81,7.27
271,Timbiquí,CO,1620876270,2.7717,-77.6654,75.58,99,95,3.47
272,Blagoyevo,RU,1620876270,63.3667,47.9167,62.19,51,62,5.12
273,Mairana,BO,1620876270,-18.1167,-63.9333,48.2,100,97,1.52
274,Labytnangi,RU,1620876271,66.6572,66.4183,39.02,100,66,7.61
275,Locri,IT,1620876271,38.2414,16.2623,62.82,33,76,13.2
276,Kushima,JP,1620876272,31.4583,131.2333,71.56,100,81,6.67
277,Kisesa,TZ,1620876272,-3.0833,34.15,59.16,88,89,6.58
278,Bolobo,CD,1620876272,-2.1667,16.2333,73.15,3,80,1.52
279,Āsosa,ET,1620876272,10.0667,34.5333,61.52,98,86,3.89
280,Beringovskiy,RU,1620875886,63.05,179.3167,32.38,100,99,6.4
281,Tucumã,BR,1620876127,-0.1833,-50.05,74.01,100,97,2.64
282,Vilhena,BR,1620876273,-12.7406,-60.1458,67.15,73,77,2.86
283,Lüderitz,NA,1620875962,-26.6481,15.1594,67.64,0,43,7.14
284,Shingū,JP,1620875955,33.7333,135.9833,71.51,100,83,15.14
285,Belfast,GB,1620876273,54.5833,-5.9333,38.98,0,93,0.0
286,Curvelo,BR,1620876273,-18.7564,-44.4308,61.72,73,49,2.86
287,Barranca,PE,1620875873,-10.75,-77.7667,65.12,7,85,5.35
288,Batié,BF,1620876274,9.8833,-2.9167,76.15,83,77,6.93
289,Arkansas City,US,1620876274,37.062,-97.0384,51.46,1,83,8.34
290,Abu Kamal,SY,1620876274,34.4506,40.9171,77.85,2,17,8.7
291,Talavera de la Reina,ES,1620876275,39.9635,-4.8308,46.35,61,82,3.69
292,Camocim,BR,1620876275,-2.9022,-40.8411,76.64,42,85,1.66
293,Puerto Nariño,CO,1620876276,-3.7703,-70.3831,75.96,79,99,1.34
294,Yala,TH,1620876276,6.3333,101.25,88.83,100,66,1.95
295,Kichera,RU,1620876277,55.9375,110.0997,42.96,96,54,3.47
296,Ponta do Sol,PT,1620875892,32.6667,-17.1,64.4,82,86,4.25
297,Kahului,US,1620875595,20.8947,-156.47,77.0,40,71,24.16
298,Sirte,LY,1620875874,31.2089,16.5887,64.8,0,75,9.95
299,Termoli,IT,1620876181,41.9888,14.9895,56.55,84,77,8.77
300,Raja,SS,1620876278,8.4596,25.678,71.73,100,90,4.14
301,Egvekinot,RU,1620875937,66.3167,-179.1667,30.07,100,100,3.18
302,Diamantino,BR,1620875973,-14.4086,-56.4461,67.89,8,87,5.99
303,La Ronge,CA,1620876278,55.1001,-105.2842,47.62,20,50,0.0
304,Vardø,NO,1620875914,70.3705,31.1107,41.61,100,91,5.57
305,Zittau,DE,1620876278,50.9,14.8333,51.21,100,97,7.05
306,Shīeli,KZ,1620876278,44.1667,66.75,69.19,0,22,21.99
307,Thinadhoo,MV,1620876279,0.5333,72.9333,82.0,100,79,19.24
308,Teahupoo,PF,1620876279,-17.8333,-149.2667,80.53,90,80,20.6
309,Mossamedes,AO,1620875934,-15.1961,12.1522,73.17,0,66,2.91
310,Buraidah,SA,1620875908,26.326,43.975,69.89,13,17,5.21
311,Pinega,RU,1620876279,64.7001,43.3936,61.61,1,62,5.26
312,Mahon,ES,1620876280,39.8885,4.2658,58.51,0,77,11.5
313,Novoorsk,RU,1620876280,51.381,58.9813,56.52,1,40,2.28
314,Lethem,GY,1620875906,3.3803,-59.7968,76.42,93,82,8.59
315,Fernley,US,1620876280,39.608,-119.2518,61.2,98,16,5.99
316,Sioux Lookout,CA,1620875901,50.1001,-91.917,52.84,34,50,6.06
317,Burē,ET,1620876281,10.7,37.0667,57.81,100,90,2.39
318,Shelburne,CA,1620875714,44.0787,-80.2041,46.09,4,61,11.39
319,Panguna,PG,1620876281,-6.3164,155.4848,83.3,14,57,2.82
320,Longyan,CN,1620876281,25.1072,117.0225,86.79,100,55,6.69
321,Ilulissat,GL,1620875869,69.2167,-51.1,33.4,64,51,19.57
322,Minggang,CN,1620876281,32.4586,114.0486,76.77,100,68,5.01
323,Phek,IN,1620876282,25.6667,94.5,63.09,100,83,1.83
324,Kargopol',RU,1620876282,61.5071,38.9456,57.16,3,74,3.33
325,Dunedin,NZ,1620875905,-45.8742,170.5036,53.8,4,47,8.01
326,Umeå,SE,1620876282,63.8284,20.2597,39.09,76,93,3.44
327,Dawson Creek,CA,1620876283,55.7666,-120.2362,56.37,1,31,9.22
328,Narsaq,GL,1620875849,60.9167,-46.05,40.71,9,65,4.68
329,Port Blair,IN,1620875967,11.6667,92.75,87.17,30,67,4.7
330,Lima,PE,1620875709,-12.0432,-77.0282,63.12,40,83,8.05
331,Bikin,RU,1620876283,46.8161,134.26,64.18,43,48,13.04
332,Salinópolis,BR,1620876283,-0.6136,-47.3561,77.32,100,87,4.45
333,Tigzirt,DZ,1620876284,36.8886,4.1198,60.57,11,49,9.24
334,Khoy,IR,1620876284,38.5504,44.9535,45.66,20,47,0.89
335,Hasaki,JP,1620875891,35.7333,140.8333,66.15,100,89,13.98
336,Mount Gambier,AU,1620875845,-37.8333,140.7667,54.32,96,69,12.19
337,Mala,PE,1620876285,-12.6581,-76.6308,67.53,51,80,5.75
338,Half Moon Bay,US,1620875644,37.4636,-122.4286,68.76,90,91,3.44
339,Acapulco de Juárez,MX,1620875732,16.8634,-99.8901,82.87,53,78,6.73
340,Yangi Marg`ilon,UZ,1620876285,40.4272,71.7189,65.37,3,52,2.93
341,Sorong,ID,1620876286,-0.8833,131.25,83.53,6,77,3.76
342,Babu,CN,1620876286,24.4167,111.5167,85.14,100,75,6.91
343,Pauini,BR,1620875945,-7.7136,-66.9764,72.73,99,98,1.68
344,Karabulak,RU,1620876287,43.3036,44.8964,46.89,0,78,1.74
345,Gemena,CD,1620876287,3.25,19.7667,70.99,100,99,2.82
346,Jiehu,CN,1620876287,35.5428,118.455,71.65,43,53,8.34
347,Bilibino,RU,1620876288,68.0546,166.4372,31.15,96,88,0.69
348,Tutóia,BR,1620876288,-2.7619,-42.2744,77.72,8,84,2.46
349,Malbork,PL,1620875987,54.0359,19.0266,54.9,0,91,5.88
350,Bāndarban,BD,1620876289,22.1965,92.2262,83.84,38,45,2.28
351,Kuril'sk,RU,1620876289,45.2333,147.8833,42.89,100,78,11.86
352,Lufilufi,WS,1620876289,-13.8745,-171.5986,85.78,28,73,5.35
353,College,US,1620876243,64.8569,-147.8028,59.22,75,52,1.99
354,Kirkenes,NO,1620876289,69.7271,30.0458,42.73,90,87,4.61
355,Zinder,NE,1620876290,13.8072,8.9881,81.88,11,25,8.52
356,Sobolevo,RU,1620876290,54.4299,31.8996,45.97,100,92,12.28
357,La Asuncion,VE,1620876290,11.0333,-63.8628,87.35,16,87,12.91
358,Dongli,CN,1620876291,23.5656,116.8194,91.33,40,62,10.63
359,Haines Junction,CA,1620875923,60.7522,-137.5108,37.49,64,45,11.5
360,Igaci,BR,1620876291,-9.5369,-36.6336,68.85,82,98,1.25
361,Champerico,GT,1620876291,14.3,-91.9167,69.91,100,71,1.79
362,Douentza,ML,1620876292,14.9951,-2.9517,89.38,67,19,4.07
363,Lagos,NG,1620876292,6.5833,3.75,78.8,63,83,5.79
364,Srandakan,ID,1620876292,-7.9386,110.2506,85.93,93,66,11.83
365,Santa Cruz de la Sierra,BO,1620876293,-17.8,-63.1667,60.6,100,65,7.14
366,Ol'ga,RU,1620875977,43.7444,135.2892,58.03,86,64,8.3
367,Estelle,US,1620876293,29.8458,-90.1067,73.38,90,86,11.5
368,Batemans Bay,AU,1620876294,-35.7167,150.1833,69.85,3,45,0.74
369,Port-Gentil,GA,1620876294,-0.7193,8.7815,81.43,100,81,6.49
370,Caçapava do Sul,BR,1620876295,-30.5122,-53.4914,42.28,0,85,3.31
371,Gao,ML,1620875924,16.6362,1.637,91.58,5,11,5.35
372,Atbasar,KZ,1620876295,51.8,68.3333,61.05,99,38,12.59
373,Bandarbeyla,SO,1620875884,9.4942,50.8122,83.39,100,66,15.68
374,Sikasso,ML,1620876296,10.9167,-7.0,80.91,90,60,5.95
375,Mandera,KE,1620875928,3.9366,41.867,75.88,100,62,14.56
376,Bayan,CN,1620876296,46.0833,127.4,69.24,0,24,16.55
377,Saquarema,BR,1620876296,-22.92,-42.5103,69.94,100,92,15.1
378,Alihe,CN,1620876297,50.5667,123.7167,61.11,15,32,10.69
379,Viking,CA,1620876297,53.1001,-111.7684,50.99,100,41,3.62
380,Arrondissement de Saint-Malo,FR,1620876191,48.5,-1.8333,46.24,7,96,7.67
381,Yaan,NG,1620876297,7.3833,8.5667,75.79,100,91,4.03
382,Natal,BR,1620875937,-5.795,-35.2094,74.86,75,96,7.87
383,Baghdad,IQ,1620876298,33.3406,44.4009,72.88,3,25,4.34
384,Nuevo Progreso,MX,1620876298,23.1667,-97.95,76.62,93,75,4.0
385,Tautira,PF,1620875973,-17.7333,-149.15,86.0,95,79,19.82
386,Richards Bay,ZA,1620876298,-28.783,32.0377,69.03,85,77,1.61
387,Ingham,US,1620876299,42.6,-84.3833,46.63,1,49,5.75
388,Point Fortin,TT,1620876299,10.1833,-61.6833,78.75,41,83,12.93
389,Jinchang,CN,1620876299,38.4953,102.1739,73.85,10,18,12.53
390,Normandin,CA,1620875949,48.8333,-72.5321,46.58,15,53,8.05
391,Verkhoyansk,RU,1620876300,67.5447,133.385,37.9,6,40,1.77
392,La Palma,US,1620876300,33.8464,-118.0467,66.85,20,78,5.01
393,Virginia Beach,US,1620876146,36.8529,-75.978,51.8,75,81,4.61
394,Mosal'sk,RU,1620876300,54.4881,34.9817,44.19,46,94,9.8
395,Vikhorevka,RU,1620876301,56.1201,101.1636,38.52,2,33,5.95
396,Kununurra,AU,1620876301,-15.7667,128.7333,87.3,0,25,12.66
397,Chākuliā,IN,1620876301,22.4833,86.7167,77.38,3,63,4.12
398,Hanzhong,CN,1620876304,33.0728,107.0303,73.58,100,73,3.83
399,Cidreira,BR,1620875885,-30.1811,-50.2056,54.09,0,79,5.61
400,Ozernovskiy,RU,1620876304,51.5,156.5167,35.82,25,84,11.65
401,San Alberto,CO,1620876305,7.7611,-73.3922,76.87,100,82,5.7
402,Coyhaique,CL,1620876305,-45.5752,-72.0662,41.05,0,70,2.3
403,Kenai,US,1620875903,60.5544,-151.2583,53.35,90,50,9.22
404,Oranjemund,NA,1620875914,-28.55,16.4333,57.79,0,73,4.23
405,Paamiut,GL,1620875962,61.994,-49.6678,37.65,38,68,8.88
406,Kambove,CD,1620876306,-10.8764,26.5969,50.65,0,82,3.83
407,Conceição da Barra,BR,1620876306,-18.5933,-39.7322,69.26,41,86,5.3
408,Broken Hill,AU,1620876306,-31.95,141.4333,60.76,56,34,16.11
409,Berlevåg,NO,1620876306,70.8578,29.0864,41.61,100,91,7.18
410,Mazagão,BR,1620876307,-0.115,-51.2894,80.47,100,99,2.68
411,Lata,PT,1620875978,40.1629,-8.3327,51.98,100,84,1.88
412,Arima,TT,1620876307,10.6333,-61.2833,78.35,20,83,0.0
413,Palāsa,IN,1620876307,18.7667,84.4167,88.61,30,69,13.22
414,Lagoa,PT,1620875843,39.05,-27.9833,61.95,16,87,12.95
415,Kupang,ID,1620876308,-10.1667,123.5833,88.99,20,45,23.02
416,Binalbagan,PH,1620876308,10.1948,122.8581,87.76,20,61,7.43
417,Krasnosel'kup,RU,1620875962,65.7,82.4667,41.11,100,79,15.19
418,Rocha,UY,1620875953,-34.4833,-54.3333,45.55,0,77,5.82
419,La Maná,EC,1620876308,-0.9333,-79.2167,43.65,75,86,3.02
420,Berbera,SO,1620876309,10.4396,45.0143,87.73,98,60,7.07
421,Zverinogolovskoye,RU,1620876309,54.4586,64.8542,64.53,91,46,5.3
422,Taoudenni,ML,1620876309,22.6783,-3.9836,87.19,0,8,8.77
423,Kirakira,SB,1620876310,-10.4544,161.9205,84.78,13,68,6.91
424,Cyangugu,RW,1620876310,-2.4846,28.9075,57.56,16,97,0.96
425,Padang,ID,1620875976,-0.9492,100.3543,87.73,99,69,2.44
426,Chui,UY,1620875891,-33.6971,-53.4616,47.82,0,80,6.62
427,Brae,GB,1620875928,60.3964,-1.353,44.49,100,77,14.56
428,San Cristobal,VE,1620875932,7.7669,-72.225,64.96,82,96,3.09
429,Yumen,CN,1620876310,40.2833,97.2,64.81,10,29,20.04
430,Tangzhai,CN,1620876311,34.4328,116.5911,76.01,100,63,6.76
431,Kiama,AU,1620876311,-34.6833,150.8667,75.0,0,60,5.01
432,Zemio,CF,1620876311,5.0314,25.1361,68.23,100,98,2.06
433,Lagan,RU,1620876312,45.3929,47.3707,61.3,0,63,4.83
434,Jaisalmer,IN,1620876312,26.9147,70.9181,84.22,1,53,22.5
435,Kingman,US,1620876209,35.1894,-114.053,81.12,1,1,8.43
436,Akonolinga,CM,1620876313,3.7667,12.25,67.66,95,100,2.57
437,Sakakah,SA,1620876313,29.9697,40.2064,66.94,0,17,6.6
438,San Rafael,AR,1620876313,-34.6177,-68.3301,55.47,49,52,10.09
439,Tabon,PH,1620876314,9.2388,117.9946,88.18,58,64,3.4
440,Alice Springs,AU,1620876315,-23.7,133.8833,67.21,0,21,11.99
441,Mahabalipuram,IN,1620876315,12.6264,80.1722,89.55,100,69,13.56
442,Ukiah,US,1620876315,39.1502,-123.2078,67.75,2,55,3.15
443,Jilib,SO,1620876315,0.4883,42.7854,74.23,99,91,4.54
444,Pinheiro Machado,BR,1620876316,-31.5783,-53.3811,42.22,0,90,2.28
445,Gewanē,ET,1620876316,10.1664,40.6453,81.23,96,51,3.29
446,Vila Velha,BR,1620875899,-20.3297,-40.2925,73.94,0,82,3.0
447,Cap-aux-Meules,CA,1620876316,47.3821,-61.8597,41.0,98,87,17.27
448,Metro,ID,1620876140,-5.1131,105.3067,86.58,95,66,4.99
449,Catuday,PH,1620876317,16.2923,119.8062,86.7,5,60,6.78
450,Anshun,CN,1620876317,26.25,105.9333,74.32,25,62,16.4
451,Ji’an,CN,1620876317,27.1172,114.9793,80.4,88,81,2.35
452,Māngrol,IN,1620876318,21.1167,70.1167,84.78,91,69,11.99
453,Bollnäs,SE,1620876276,61.3482,16.3946,42.39,100,87,2.24
454,Kumul,CN,1620875972,42.8,93.45,57.06,100,46,11.92
455,Maumere,ID,1620876318,-8.6199,122.2111,85.91,99,61,5.75
456,Erzin,TR,1620875904,36.9559,36.2,64.0,1,66,2.48
457,Kuna,US,1620876318,43.4918,-116.4201,63.82,1,34,5.39
458,Muros,ES,1620876319,42.7762,-9.0603,56.84,100,93,15.28
459,Kuchinarai,TH,1620876319,16.541,104.05,95.02,19,54,8.68
460,Mogadishu,SO,1620876319,2.0371,45.3438,80.31,100,81,17.9
461,Rock Sound,BS,1620876320,24.9,-76.2,79.5,65,83,11.61
462,Iqaluit,CA,1620875850,63.7506,-68.5145,32.45,100,80,18.99
463,Assiniboia,CA,1620876320,49.6334,-105.9845,43.16,60,53,6.22
464,Bugiri,UG,1620876320,0.5714,33.7417,61.18,37,93,0.87
465,Nha Trang,VN,1620876321,12.25,109.1833,91.27,51,64,3.96
466,Katsuura,JP,1620875837,35.1333,140.3,66.0,100,93,19.55
467,Hamilton,US,1620876321,39.1834,-84.5333,48.79,1,66,5.82
468,Gorey,IE,1620876321,52.6747,-6.2925,43.48,28,91,3.83
469,Narrabri,AU,1620876322,-30.3167,149.7833,63.73,0,48,8.05
470,Jiwani,PK,1620876322,25.05,61.7417,83.95,22,77,9.46
471,Isabela,PH,1620876323,6.7085,121.9711,87.76,98,74,6.87
472,Novoagansk,RU,1620876323,61.9449,76.6625,47.39,98,56,11.43
473,Sayyan,YE,1620876323,15.1718,44.3244,63.84,77,52,2.89
474,Santa Marta,CO,1620876324,11.2408,-74.199,85.84,75,67,15.01
475,Lakatoro,VU,1620876324,-16.0999,167.4164,80.89,100,81,11.54
476,Northam,GB,1620875952,51.0333,-4.2167,45.3,100,95,8.9
477,Qingquan,CN,1620876325,30.4511,115.2559,80.11,100,70,8.34
478,Mount Vernon,US,1620876162,40.9126,-73.8371,59.63,1,57,8.05
479,Ulladulla,AU,1620876325,-35.35,150.4667,71.22,2,46,4.72
480,Hobyo,SO,1620875846,5.3505,48.5268,80.87,100,69,19.06
481,Benguela,AO,1620876325,-12.5763,13.4055,75.52,5,79,3.76
482,Rengo,CL,1620876325,-34.4167,-70.8667,42.73,37,29,1.21
483,Viedma,AR,1620876326,-40.8135,-62.9967,52.0,0,60,4.5
484,Wanxian,CN,1620876326,30.8039,108.3897,74.97,100,84,3.44
485,Owando,CG,1620876326,-0.4819,15.8999,70.07,29,96,1.66
486,Chicago,US,1620875653,41.85,-87.65,48.92,0,33,3.8
487,Tocopilla,CL,1620876113,-22.092,-70.1979,66.42,65,78,7.34
488,Shimoda,JP,1620876327,34.6667,138.95,68.0,100,95,21.63
489,La Unión,PE,1620876327,-5.4,-80.75,71.58,11,67,12.46
490,Son La,VN,1620875954,21.3167,103.9,86.09,13,57,1.45
491,Maragogi,BR,1620876327,-9.0122,-35.2225,76.21,24,88,6.42
492,Ixtapa,MX,1620876123,20.7,-105.2,80.19,20,78,6.91
493,Castillo,DO,1620876327,19.2082,-70.0273,76.05,45,95,2.19
494,Butembo,CD,1620876328,0.15,29.2833,56.34,88,97,2.66
495,Marsá Maţrūḩ,EG,1620876328,31.3525,27.2453,64.6,0,58,1.88
496,Vuktyl,RU,1620875970,63.8567,57.3094,51.33,45,68,5.06
497,Hofn,IS,1620875867,64.2539,-15.2082,35.94,14,67,0.94
498,Ayan,RU,1620875889,56.45,138.1667,36.57,14,77,7.65
499,Mindelo,CV,1620876328,16.8901,-24.9804,70.97,20,80,20.94
500,Sabang,ID,1620876329,5.8933,95.3214,84.13,50,71,2.98
501,Zhanakorgan,KZ,1620876329,43.9098,67.2495,69.73,0,20,21.14
502,Terrasini,IT,1620876329,38.146,13.0844,60.42,20,67,6.91
503,Ashtian,IR,1620876329,34.5217,50.0019,58.21,70,52,2.68
504,Olkhovka,RU,1620876330,53.2115,60.6069,66.04,11,38,7.92
505,Davila,PH,1620876330,18.4726,120.5763,89.51,1,66,7.11
506,Stephenville,US,1620876330,32.2207,-98.2023,56.26,90,89,3.44
507,Tyup,KG,1620876331,42.7276,78.3648,48.27,12,56,1.81
508,Porto-Vecchio,FR,1620876331,41.591,9.2795,63.86,0,85,10.38
509,Ossora,RU,1620876332,59.2353,163.0719,34.3,63,82,3.33
510,Seoul,KR,1620875811,37.5683,126.9778,79.95,0,35,3.96
511,Sambava,MG,1620876332,-14.2667,50.1667,72.19,85,81,8.97
512,Koungheul,SN,1620875900,13.9833,-14.8,82.33,99,63,9.37
513,Mahibadhoo,MV,1620876333,3.7833,72.9667,82.6,100,82,21.41
514,Saint-Leu,RE,1620876333,-21.15,55.2833,74.05,3,74,3.87
515,Alugan,PH,1620876334,12.2188,125.4808,83.73,21,77,10.56
516,Honningsvåg,NO,1620876334,70.9821,25.9704,38.93,67,96,7.76
517,Husavik,IS,1620875974,66.0449,-17.3389,26.51,88,68,8.72
518,Kavaratti,IN,1620876334,10.5669,72.642,82.6,100,76,6.58
519,Great Yarmouth,GB,1620876334,52.6083,1.7305,48.94,84,87,9.69
520,Tazmalt,DZ,1620876335,36.3868,4.3989,57.04,1,50,2.68
521,Malakwal,PK,1620876335,32.5536,73.2123,76.66,64,58,9.98
522,Galle,LK,1620876104,6.0367,80.217,83.3,100,81,11.39
523,Okhotsk,RU,1620875954,59.3833,143.3,38.7,99,66,7.99
524,Agadez,NE,1620876336,19.75,10.25,86.81,0,9,9.4
525,Samarai,PG,1620876336,-10.6167,150.6667,84.76,75,71,13.13
526,Nouadhibou,MR,1620875964,20.931,-17.0347,66.16,0,82,20.71
527,Shahr-e Bābak,IR,1620876336,30.1165,55.1186,64.45,1,39,0.63
528,Laas,IT,1620875900,46.6166,10.7002,42.85,99,96,5.88
529,Coruripe,BR,1620876336,-10.1256,-36.1756,75.47,63,87,5.82
530,Los Llanos de Aridane,ES,1620876337,28.6585,-17.9182,62.11,20,84,15.46
531,Las Vegas,US,1620875874,36.175,-115.1372,84.29,1,6,13.8
532,Xai-Xai,MZ,1620876337,-25.0519,33.6442,60.57,0,86,6.4
533,Nhulunbuy,AU,1620876314,-12.2333,136.7667,87.8,20,51,17.27
534,Yining,CN,1620876337,29.0361,114.5636,75.83,100,89,2.44
535,Pilar,BR,1620876338,-9.5972,-35.9567,71.96,60,95,1.41
536,Tessalit,ML,1620876338,20.1986,1.0114,86.29,23,11,8.3
537,Raudeberg,NO,1620875853,61.9875,5.1352,45.86,94,90,18.66
538,Mabaruma,GY,1620876338,8.2,-59.7833,72.82,82,95,3.2
539,Mahrīz,IR,1620876339,31.5917,54.4318,54.19,1,47,2.01
540,Namalenga,TZ,1620876339,-10.95,39.1,62.71,84,95,0.65
541,Coahuayana Viejo,MX,1620876339,18.7333,-103.6833,78.03,43,80,1.39
542,Bahía Blanca,AR,1620876105,-38.7196,-62.2724,56.34,0,59,9.91
543,Nome,US,1620875900,64.5011,-165.4064,48.16,90,66,4.61
544,Campoverde,PE,1620876340,-8.4753,-74.8058,72.21,69,97,0.78
545,Rawson,AR,1620876052,-43.3002,-65.1023,56.37,71,51,5.66
546,Mlonggo,ID,1620876341,-6.5333,110.7,87.62,97,57,1.99
547,Evensk,RU,1620875954,61.95,159.2333,37.44,3,63,1.92
548,Burgos,ES,1620876341,42.3394,-3.7079,29.19,0,100,2.3
549,Milas,TR,1620876342,37.3164,27.7839,49.32,0,44,3.78
550,Labuhan,ID,1620876342,-6.8844,112.2051,85.19,100,67,5.14
551,Pagouria,GR,1620876343,41.0291,25.3184,52.75,17,54,4.12
552,Oktyabr'skiy,RU,1620876343,54.4815,53.471,63.41,6,50,3.04
553,Toamasina,MG,1620876343,-18.1667,49.3833,71.49,40,94,4.61
554,Vinci,IT,1620876344,43.7789,10.9224,54.79,83,90,2.57
555,Bairiki Village,KI,1620875906,1.3292,172.9752,87.71,75,76,9.64
556,Tahe,CN,1620876344,52.3333,124.7333,40.95,100,94,5.91
557,Ponorogo,ID,1620876344,-7.8685,111.462,85.73,86,63,5.59
558,Conakry,GN,1620876344,9.538,-13.6773,79.57,100,80,6.2
559,Cayenne,GF,1620876345,4.9333,-52.3333,76.95,99,90,7.96
560,Treinta y Tres,UY,1620876345,-33.2333,-54.3833,44.76,0,77,6.51
561,Mīrābād,AF,1620876345,30.4362,61.8383,78.1,0,21,28.03
562,Komoro,JP,1620876345,36.3167,138.4333,63.95,98,79,6.31
563,Les Cayes,HT,1620876346,18.2,-73.75,77.49,10,82,4.61
564,Olpād,IN,1620876346,21.3333,72.75,85.95,94,53,12.01
565,Katherine,AU,1620875985,-14.4667,132.2667,84.76,0,22,10.71
566,Chaklāsi,IN,1620876346,22.65,72.9333,87.33,45,46,8.9
567,Boz,FR,1620876347,46.4071,4.9109,46.81,100,95,9.4
568,Chunoyar,RU,1620876347,57.4467,97.3217,51.96,1,30,4.65
569,Gobabis,NA,1620876347,-22.45,18.9667,55.18,0,42,9.22
570,Knysna,ZA,1620876348,-34.0363,23.0471,49.91,4,80,1.81
